Commune,Departement,Nom_dossier,Cote,Page_group_id,Nombre_de_fichiers,Volume_Mo,Ensemble,Date_infos,Date_doc,Titre_du_groupe_de_pages,P_debut_sampling,P_debut,P_fin_sampling,P_fin,Exclusions,Nombre de scans,Nombre de pages (simples),Type,Version,Num_simple_page_double_page,Num_couleur_gris,A_echantillonner,Tag_groupe_doc,Sections,Estimation nb couv,Structure,Remarques,Etat,Cotes liées,Ref_v1_en_ligne,P_debut_en_ligne
Ablon-sur-Seine,Seine-et-Oise,ABLON,FRAD094_3P_000017_01,1,100,"286,75",3P17,1810,1865,Etat de section des propriétés bâties et non bâties,1,1,7,7,,7,7,Réécrit,Définitive,Simple,COLOR,TRUE,AP_1822,"A,B,C",1,Toutes les sections dans le même chapitre,Uniquement les propriétés bâties,Propre,,2 MI 68/1,2
Ablon-sur-Seine,Seine-et-Oise,ABLON,FRAD094_3P_000017_01,2,100,"286,75",3P17,1810,1810,Tableau indicatif des propriétaires des propriétés foncières et de leurs contenances,8,8,93,93,,86,86,Initial,Définitive,Simple,COLOR,TRUE,AV_1822_NB,"A,B,C",3,Un chapitre par section,,"Tâches, déchirures et trous.",,2 MI 68/2,11
Ablon-sur-Seine,Seine-et-Oise,ABLON,FRAD094_3P_000017_01,3,100,"286,75",3P17,1810,1810,Tableau indicatif des propriétaires et des propriétés bâties,94,94,100,100,,7,7,Initial,Définitive,Simple,COLOR,FALSE,AV_1822_B,"A,B,C",1,Toutes les sections dans le même chapitre,,"Grandes tâches, parties de pages manquantes",,2 MI 68/2,57
Alfortville,Seine,ALFORTVILLE,FRAD094_3P_000026_01,4,73,"1 216,22",3P26,1886,1886,Etat de section des propriétés bâties et non bâties,1,1,73,73,,73,73,Réinitialisé,Définitive,Simple,COLOR,TRUE,AP_1822,"B,C",1,Toutes les sections dans le même chapitre,Alfortville : constitué de parcelles issues des sections B et C de Maison-Alfort,Propre,"3P 1168, 3P 1170",2 MI 69/1,2
Arcueil,Seine,ARCUEIL,FRAD094_3P_000048_01,5,363,"6 173,15",3P48,1841,1841,"Liste par ordre alphabétique des noms des propriétaires, présentant les numéros des parcelles qu'ils possèdent dans les différentes sections",2,1,67,67,,66,66,Rectifié,Définitive,Simple,COLOR,FALSE,RECTIFICATION_1835,,,,,Propre,,2 MI 71/1,2
Arcueil,Seine,ARCUEIL,FRAD094_3P_000048_01,6,363,"6 173,15",3P48,1841,1841,"Relevé des numéros de même nature des Propriétés non bâties, pour parvenir à la récapitulation ci-après",282,282,363,363,,82,82,Rectifié,Définitive,Simple,COLOR,TRUE,RECTIFICATION_1835,"A,B,C",,Un chapitre par section,,Propre,,2 MI 71/1,295
Arcueil,Seine,ARCUEIL,FRAD094_3P_000048_01,7,363,"6 173,15",3P48,1841,1841,"Tableau indicatif des propriétés foncières, de leur contenances et de leurs revenus",68,68,281,281,,214,214,Rectifié,Définitive,Simple,COLOR,TRUE,RECTIFICATION_1835,"A,B,C",3,Un chapitre par section,,Propre,,2 MI 71/1,74
Boissy-Saint-Léger,Seine-et-Oise,BOISSY,FRAD094_3P_000065_01,8,190,"2 421,90",3P65,1810,1810,Tableau indicatif des propriétaires des propriétés foncières et de leurs contenances,1,1,177,177,,177,177,Initial,Définitive,Simple,COLOR,TRUE,AV_1822_NB,"A,B,C,D",4,Un chapitre par section,,Propre,,2 MI 73/1,2
Boissy-Saint-Léger,Seine-et-Oise,BOISSY,FRAD094_3P_000065_01,9,190,"2 421,90",3P65,1810,1810,Tableau indicatif des propriétaires et des propriétés bâties,178,178,190,190,,13,13,Initial,Définitive,Simple,COLOR,FALSE,AV_1822_B,"A,C,D",1,Toutes les sections dans le même chapitre,,Propre,,2 MI 73/1,93
Bonneuil-sur-Marne,Seine,BONNEUIL,FRAD094_3P_000075_01,10,273,"4 758,97",3P75,1840,1840,Etat de section de révision,180,180,273,273,,94,94,Rectifié,Définitive,Simple,COLOR,FALSE,RECTIFICATION_1835,,,Un chapitre par section,,Propre,,2 MI 74/1,196
Bonneuil-sur-Marne,Seine,BONNEUIL,FRAD094_3P_000075_01,11,273,"4 758,97",3P75,1840,1840,"Liste par ordre alphabétique des noms des propriétaires, présentant les numéros des parcelles qu'ils possèdent dans les différentes sections",1,1,22,22,,22,22,Rectifié,Définitive,Simple,COLOR,FALSE,RECTIFICATION_1835,"A,B,C,D",,,,Propre,,2 MI 74/1,2
Bonneuil-sur-Marne,Seine,BONNEUIL,FRAD094_3P_000075_01,12,273,"4 758,97",3P75,1840,1840,"Relevé des numéros de même nature des Propriétés non bâties, pour parvenir à la récapitulation ci-après",115,115,179,179,,65,65,Rectifié,Définitive,Simple,COLOR,TRUE,RECTIFICATION_1835,"A,B,C,D",,Un chapitre par section,,Propre,,2 MI 74/1,128
Bonneuil-sur-Marne,Seine,BONNEUIL,FRAD094_3P_000075_01,13,273,"4 758,97",3P75,1840,1840,"Tableau indicatif des propriétés foncières, de leur contenances et de leurs revenus",23,23,114,114,,92,92,Rectifié,Définitive,Simple,COLOR,TRUE,RECTIFICATION_1835,"A,B,C,D",4,Un chapitre par section,,Propre,,2 MI 74/1,26
Bry-sur-Marne,Seine,BRY,FRAD094_3P_000082_01,14,645,"9 564,99",3P82,1840,1840,Etat de section de révision,389,389,645,645,,257,257,Rectifié,Définitive,Simple,COLOR,FALSE,RECTIFICATION_1835,,,,,Propre,,2 MI 76/1,399
Bry-sur-Marne,Seine,BRY,FRAD094_3P_000083_01,15,406,"7 019,98",3P83,1840,1840,"Liste par ordre alphabétique des noms des propriétaires, présentant les numéros des parcelles qu'ils possèdent dans les différentes sections",1,1,56,56,,56,56,Rectifié,Définitive,Simple,COLOR,FALSE,RECTIFICATION_1835,,,,,Propre,,2 MI 77/1,2
Bry-sur-Marne,Seine,BRY,FRAD094_3P_000083_01,16,406,"7 019,98",3P83,1840,1840,"Relevé des numéros de même nature des Propriétés non bâties, pour parvenir à la récapitulation ci-après",313,313,406,406,,94,94,Rectifié,Définitive,Simple,COLOR,TRUE,RECTIFICATION_1835,"A,B,C,D",,Un chapitre par section,,Propre,,2 MI 77/1,324
Bry-sur-Marne,Seine,BRY,FRAD094_3P_000082_01,17,645,"9 564,99",3P82,1816,1816,Tableau indicatif des propriétaires des propriétés foncières et de leurs contenances,1,1,388,388,,388,388,Initial,Définitive,Simple,COLOR,TRUE,AV_1822_NB,"A,B",2,Un chapitre par section,,Propre,,2 MI 75/1,2
Bry-sur-Marne,Seine,BRY,FRAD094_3P_000083_01,18,406,"7 019,98",3P83,1840,1840,"Tableau indicatif des propriétés foncières, de leur contenances et de leurs revenus",57,57,312,312,,256,256,Rectifié,Définitive,Simple,COLOR,TRUE,RECTIFICATION_1835,"A,B,C,D",4,Un chapitre par section,,Propre,,2 MI 77/1,61
Champigny-sur-Marne,Seine,CHAMPIGNY,FRAD094_3P_000105_01,19,982,"11 049,61",3P105,1841,1841,"Liste par ordre alphabétique des noms des propriétaires, présentant les numéros des parcelles qu'ils possèdent dans les différentes sections",1,1,135,135,,135,135,Rectifié,Définitive,Simple,COLOR,FALSE,RECTIFICATION_1835,,,,,Propre,,2 MI 80/1,2
Champigny-sur-Marne,Seine,CHAMPIGNY,FRAD094_3P_000105_01,20,982,"11 049,61",3P105,1841,1841,"Relevé des numéros de même nature des Propriétés non bâties, pour parvenir à la récapitulation ci-après",743,743,982,982,,240,240,Rectifié,Définitive,Simple,COLOR,TRUE,RECTIFICATION_1835,"A,B,C,D,E,F",,Un chapitre par section,,Propre,,2 MI 81/1,764
Champigny-sur-Marne,Seine,CHAMPIGNY,FRAD094_3P_000105_01,21,982,"11 049,61",3P105,1841,1841,"Tableau indicatif des propriétés foncières, de leur contenances et de leurs revenus",136,136,504,504,,369,369,Rectifié,Définitive,Simple,COLOR,TRUE,RECTIFICATION_1835,"A,B,C",3,Un chapitre par section,Inclus : copie de la Liste alphabétique des propriétaires issue de la matrice dans l'état de section[A],Propre,,2 MI 80/1,143
Champigny-sur-Marne,Seine,CHAMPIGNY,FRAD094_3P_000105_01,22,982,"11 049,61",3P105,1841,1841,"Tableau indicatif des propriétés foncières, de leur contenances et de leurs revenus",505,505,742,742,,238,238,Rectifié,Définitive,Simple,COLOR,TRUE,RECTIFICATION_1835,"D,E,F",3,Un chapitre par section,,Propre,,2 MI 81/1,520
Charenton-le-Pont,Seine,CHARENTON,FRAD094_3P_000141_01,23,143,"1 728,52",3P141,1841,1841,"Liste par ordre alphabétique des noms des propriétaires, présentant les numéros des parcelles qu'ils possèdent dans les différentes sections",1,1,39,39,,39,39,Rectifié,Définitive,Simple,COLOR,FALSE,RECTIFICATION_1835,,,,,Propre,,2 MI 83/1,2
Charenton-le-Pont,Seine,CHARENTON,FRAD094_3P_000141_01,24,143,"1 728,52",3P141,1842,1842,"Relevé des numéros de même nature des Propriétés non bâties, pour parvenir à la récapitulation ci-après",96,96,123,123,,28,28,Rectifié,Définitive,Simple,COLOR,TRUE,RECTIFICATION_1835,"A,B",,Un chapitre par section,,Propre,,2 MI 83/1,98
Charenton-le-Pont,Seine,CHARENTON,FRAD094_3P_000141_01,25,143,"1 728,52",3P141,1841,1841,"Tableau indicatif des propriétés foncières, de leur contenances et de leurs revenus",40,40,95,95,,56,56,Rectifié,Définitive,Simple,COLOR,TRUE,RECTIFICATION_1835,"A,B",2,Un chapitre par section,Mises à jour en 1929,Propre,,2 MI 83/1,42
Charenton-le-Pont,Seine,CHARENTON,FRAD094_3P_000141_01,26,143,"1 728,52",3P141,1860,1860,"Tableau indicatif des propriétés foncières, de leur contenances et de leurs revenus",124,124,143,143,,20,20,Rectifié,Définitive,Simple,COLOR,TRUE,AP_1822,C,1,Un chapitre par section,Mises à jour en 1929,Propre,,2 MI 83/1,126
Chevilly-Larue,Seine,CHEVILLY,FRAD094_3P_000162_01,27,101,"1 764,05",3P162,1842,1842,"Liste par ordre alphabétique des noms des propriétaires, présentant les numéros des parcelles qu'ils possèdent dans les différentes sections",1,1,31,31,,31,31,Rectifié,Définitive,Simple,COLOR,FALSE,RECTIFICATION_1835,,,,,Propre,,2 MI 85/1,2
Chevilly-Larue,Seine,CHEVILLY,FRAD094_3P_000162_01,28,101,"1 764,05",3P162,1842,1842,"Relevé des numéros de même nature des Propriétés non bâties, pour parvenir à la récapitulation ci-après",77,77,101,101,,25,25,Rectifié,Définitive,Simple,COLOR,TRUE,RECTIFICATION_1835,"A,B",,Un chapitre par section,,Propre,,2 MI 85/1,84
Chevilly-Larue,Seine,CHEVILLY,FRAD094_3P_000162_01,29,101,"1 764,05",3P162,1842,1842,"Tableau indicatif des propriétés foncières, de leur contenances et de leurs revenus",32,32,76,76,,45,45,Rectifié,Définitive,Simple,COLOR,TRUE,RECTIFICATION_1835,"A,B",2,Un chapitre par section,,Propre,,2 MI 85/1,36
Choisy-le-Roi,Seine,CHOISY,FRAD094_3P_000169_01,30,176,"2 980,55",3P169,1841,1841,"Liste par ordre alphabétique des noms des propriétaires, présentant les numéros des parcelles qu'ils possèdent dans les différentes sections",1,1,56,56,,56,56,Rectifié,Définitive,Simple,COLOR,FALSE,RECTIFICATION_1835,,,,,Propre,,2 MI 86/I,2
Choisy-le-Roi,Seine,CHOISY,FRAD094_3P_000169_01,31,176,"2 980,55",3P169,1841,1841,"Relevé des numéros de même nature des Propriétés non bâties, pour parvenir à la récapitulation ci-après",145,145,176,176,,32,32,Rectifié,Définitive,Simple,COLOR,TRUE,RECTIFICATION_1835,"A,B",,Un chapitre par section,,Propre,,2 MI 86/I,156
Choisy-le-Roi,Seine,CHOISY,FRAD094_3P_000169_01,32,176,"2 980,55",3P169,1841,1841,"Tableau indicatif des propriétés foncières, de leur contenances et de leurs revenus",57,57,144,144,,88,88,Rectifié,Définitive,Simple,COLOR,TRUE,RECTIFICATION_1835,"A,B",2,Un chapitre par section,Feuilles de calcul insérées dans le chapitre section A.,Propre,,2 MI 86/I,64
Créteil,Seine,CRETEIL,FRAD094_3P_000186_01,33,395,"6 770,39",3P186,1903,1903,Etat de section des propriétés bâties et non bâties,301,301,303,303,,3,3,Réinitialisé,Définitive,Simple,COLOR,TRUE,AP_1822,F,1,,Section ajoutée à la commune en 1903 de la Commune de Maisons-Alfort (section A) en 1903.,Propre,,2 MI 87/1,307
Créteil,Seine,CRETEIL,FRAD094_3P_000186_01,34,395,"6 770,39",3P186,1840,1840,"Liste par ordre alphabétique des noms des propriétaires, présentant les numéros des parcelles qu'ils possèdent dans les différentes sections",1,1,61,61,,61,61,Rectifié,Définitive,Simple,COLOR,FALSE,RECTIFICATION_1835,,,,,Propre,,2 MI 87/1,2
Créteil,Seine,CRETEIL,FRAD094_3P_000186_01,35,395,"6 770,39",3P186,1840,1840,"Relevé des numéros de même nature des Propriétés non bâties, pour parvenir à la récapitulation ci-après",304,304,395,395,,92,92,Rectifié,Définitive,Simple,COLOR,TRUE,RECTIFICATION_1835,"A,B,C,D,E",,,,Propre,,2 MI 87/1,311
Créteil,Seine,CRETEIL,FRAD094_3P_000186_01,36,395,"6 770,39",3P186,1840,1840,"Tableau indicatif des propriétés foncières, de leur contenances et de leurs revenus",62,62,300,300,,239,239,Rectifié,Définitive,Simple,COLOR,TRUE,RECTIFICATION_1835,"A,B,C,D,E",5,Un chapitre par section,Récapitulation de la liste des propriétaire avant le début réeel du tableau indicatif. récapitulatifs à la fin de chaque section. ,Propre,,2 MI 87/1,64
Fontenay-sous-Bois,Seine,FONTENAY,FRAD094_3P_000203_01,37,776,"12 690,38",3P203,1841,1841,"Liste par ordre alphabétique des noms des propriétaires, présentant les numéros des parcelles qu'ils possèdent dans les différentes sections",1,1,178,178,,178,178,Rectifié,Définitive,Simple,COLOR,FALSE,RECTIFICATION_1835,,,,Les séparations horizontales entre propriétaires sont matérialisées. Utilisation du pré-imprilmé principale pour écrire les récapitulatifs.,Propre,,2 MI 89/1,2
Fontenay-sous-Bois,Seine,FONTENAY,FRAD094_3P_000204_01,38,820,"13 389,73",3P204,1841,1841,"Tableau indicatif des propriétés foncières, de leur contenances et de leurs revenus",1,1,461,461,,461,461,Rectifié,Définitive,Simple,COLOR,TRUE,RECTIFICATION_1835,"G,H,I,K",4,Un chapitre par section,,Propre,,2 MI 91/1,2
Fontenay-sous-Bois,Seine,FONTENAY,FRAD094_3P_000203_01,39,776,"12 690,38",3P203,1841,1841,"Tableau indicatif des propriétés foncières, de leur contenances et de leurs revenus",179,179,475,475,,297,297,Rectifié,Définitive,Simple,COLOR,TRUE,RECTIFICATION_1835,"A,B,C",3,Un chapitre par section,,Propre,,2 MI 89/1,187
Fontenay-sous-Bois,Seine,FONTENAY,FRAD094_3P_000204_01,40,820,"13 389,73",3P204,1841,1841,"Tableau indicatif des propriétés foncières, de leur contenances et de leurs revenus",462,462,820,820,,359,359,Rectifié,Définitive,Simple,COLOR,TRUE,RECTIFICATION_1835,"L,M,N",3,Un chapitre par section,,Propre,,2 MI 92/I,469
Fontenay-sous-Bois,Seine,FONTENAY,FRAD094_3P_000203_01,41,776,"12 690,38",3P203,1841,1841,"Tableau indicatif des propriétés foncières, de leur contenances et de leurs revenus",476,476,776,776,,301,301,Rectifié,Définitive,Simple,COLOR,TRUE,RECTIFICATION_1835,"D,E,F",3,Un chapitre par section,4 dernières pages déchirées,Propre,,2 MI 90/1,490
Fresnes,Seine,FRESNES,FRAD094_3P_000246_01,42,157,"2 663,21",3P246,1842,1842,"Liste par ordre alphabétique des noms des propriétaires, présentant les numéros des parcelles qu'ils possèdent dans les différentes sections",1,1,26,26,,26,26,Rectifié,Définitive,Simple,COLOR,FALSE,RECTIFICATION_1835,,,,,Propre,,2 MI 94/1,2
Fresnes,Seine,FRESNES,FRAD094_3P_000246_01,43,157,"2 663,21",3P246,1842,1842,"Relevé des numéros de même nature des Propriétés non bâties, pour parvenir à la récapitulation ci-après",120,120,157,157,,38,38,Rectifié,Définitive,Simple,COLOR,TRUE,RECTIFICATION_1835,"A,B",,Un chapitre par section,,Propre,,2 MI 94/1,126
Fresnes,Seine,FRESNES,FRAD094_3P_000246_01,44,157,"2 663,21",3P246,1842,1842,"Tableau indicatif des propriétés foncières, de leur contenances et de leurs revenus",27,27,119,119,,93,93,Rectifié,Définitive,Simple,COLOR,TRUE,RECTIFICATION_1835,"A,B",2,Un chapitre par section,Récapitulations en fin de chapitre,Propre,,2 MI 94/1,30
Gentilly,Seine,GENTILLY,FRAD094_3P_000253_01,45,201,"3 171,36",3P253,1847,1847,Etat de section des propriétés bâties et non bâties,1,1,8,8,,8,8,Réinitialisé,Définitive,Simple,COLOR,TRUE,AP_1822,G,1,Un chapitre par section,,Propre,,2 MI 95/1,2
Gentilly,Seine,GENTILLY,FRAD094_3P_000253_01,46,201,"3 171,36",3P253,1847,1847,"Relevé des numéros de même nature des Propriétés non bâties, pour parvenir à la récapitulation ci-après",95,95,201,201,,107,107,Réinitialisé,Définitive,Simple,COLOR,TRUE,AP_1822,"G,H,J,K,L,M,O,P,Q,R",,Un chapitre par section,,Propre,,2 MI 95/1,96
Gentilly,Seine,GENTILLY,FRAD094_3P_000254_01,47,87,"1 370,66",3P254,1847,1847,"Tableau indicatif des propriétés foncières, de leur contenances et de leurs revenus",1,1,87,87,,87,87,Réinitialisé,Définitive,Simple,COLOR,TRUE,AP_1822,"G,H,I,K,L",5,Un chapitre par section,Gentilly => Kremlin Premières pages barrées suite à transaction de parcelles. Récapitulations en fin de chapitre,Propre,,2 MI 95/2,2
Gentilly,Seine,GENTILLY,FRAD094_3P_000253_01,48,201,"3 171,36",3P253,1847,1847,"Tableau indicatif des propriétés foncières, de leur contenances et de leurs revenus",9,9,94,94,,86,86,Réinitialisé,Définitive,Simple,COLOR,TRUE,AP_1822,"N,M,O,P,Q,R",6,Un chapitre par section,Transactions avec Montrouge en 1875,Propre,,2 MI 95/1,10
Ivry-sur-Seine,Seine,IVRY,3P_001631,49,29,"56,10",3P1631,1810,1822,Etats de sections des propriétés non bâties et bâties,1,1,29,29,,29,58,Réécrit,Définitive,Double,COLOR,TRUE,AP_1822,"A,B,C",3,,La date de production du cachier est ultérieure à 1810 mais pas indiquée.,,,,
Ivry-sur-Seine,Seine,IVRY,FRAD094_3P_000287_01,50,732,"7 608,44",3P287,1840,1840,"Liste par ordre alphabétique des noms des propriétaires, présentant les numéros des parcelles qu'ils possèdent dans les différentes sections",1,1,117,117,,117,117,Rectifié,Définitive,Simple,COLOR,FALSE,RECTIFICATION_1835,,,,,Propre,,2 MI 98/1,2
Ivry-sur-Seine,Seine,IVRY,FRAD094_3P_000287_01,51,732,"7 608,44",3P287,1840,1840,"Relevé des numéros de même nature des Propriétés non bâties, pour parvenir à la récapitulation ci-après",569,569,732,732,,164,164,Rectifié,Définitive,Simple,COLOR,TRUE,RECTIFICATION_1835,"A,B,D,E,F",,Un chapitre par section,,Propre,,2 MI 99/1,577
Ivry-sur-Seine,Seine,IVRY,FRAD094_3P_000288_01,52,474,"4 811,56",3P288,1849,1849,"Relevé des numéros de même nature des Propriétés non bâties, pour parvenir à la récapitulation ci-après",316,316,328,328,,13,13,Réinitialisé,Définitive,Simple,COLOR,FALSE,AP_1822,"H,I",,Un chapitre par section,,Propre,,2 MI 100/1,322
Ivry-sur-Seine,Seine,IVRY,FRAD094_3P_000288_01,53,474,"4 811,56",3P288,1849,1849,"Relevé des numéros de même nature des Propriétés non bâties, pour parvenir à la récapitulation ci-après",329,329,393,393,,65,65,Réinitialisé,Définitive,Simple,COLOR,FALSE,AP_1822,"J,K,L,M,N",,Un chapitre par section,,Propre,,2 MI 100/1,336
Ivry-sur-Seine,Seine,IVRY,FRAD094_3P_000288_01,54,474,"4 811,56",3P288,1849,1849,"Relevé des numéros de même nature des Propriétés non bâties, pour parvenir à la récapitulation ci-après",394,394,400,400,,7,7,Réinitialisé,Définitive,Simple,COLOR,FALSE,AP_1822,O,,Un chapitre par section,,Propre,,2 MI 100/1,403
Ivry-sur-Seine,Seine,IVRY,FRAD094_3P_000288_01,55,474,"4 811,56",3P288,1849,1849,"Relevé des numéros de même nature des Propriétés non bâties, pour parvenir à la récapitulation ci-après",401,401,414,414,,14,14,Réinitialisé,Définitive,Simple,COLOR,FALSE,AP_1822,"P,Q",,Un chapitre par section,,Propre,,2 MI 100/1,411
Ivry-sur-Seine,Seine,IVRY,FRAD094_3P_000288_01,56,474,"4 811,56",3P288,1849,1849,"Relevé des numéros de même nature des Propriétés non bâties, pour parvenir à la récapitulation ci-après",415,415,424,424,,10,10,Réinitialisé,Définitive,Simple,COLOR,FALSE,AP_1822,"R,S",,Un chapitre par section,,Propre,,2 MI 100/1,425
Ivry-sur-Seine,Seine,IVRY,FRAD094_3P_000288_01,57,474,"4 811,56",3P288,1849,1849,"Relevé des numéros de même nature des Propriétés non bâties, pour parvenir à la récapitulation ci-après",425,425,474,474,,50,50,Réinitialisé,Définitive,Simple,COLOR,FALSE,AP_1822,"T,U,V,X,toutes,Y",,Un chapitre par section,,Propre,,2 MI 100/1,437
Ivry-sur-Seine,Seine,IVRY,FRAD094_3P_000287_01,58,732,"7 608,44",3P287,1840,1840,"Tableau indicatif des propriétés foncières, de leur contenances et de leurs revenus",118,118,346,346,,229,229,Rectifié,Définitive,Simple,COLOR,TRUE,RECTIFICATION_1835,"A,B",2,Un chapitre par section,,Propre,,2 MI 98/1,120
Ivry-sur-Seine,Seine,IVRY,FRAD094_3P_000287_01,59,732,"7 608,44",3P287,1840,1840,"Tableau indicatif des propriétés foncières, de leur contenances et de leurs revenus",347,347,568,568,,222,222,Rectifié,Définitive,Simple,COLOR,TRUE,RECTIFICATION_1835,"C,D,E,F",4,Un chapitre par section,,Propre,,2 MI 99/1,351
Ivry-sur-Seine,Seine,IVRY,FRAD094_3P_000288_01,60,474,"4 811,56",3P288,1849,1849,"Tableau indicatif des propriétés foncières, de leur contenances et de leurs revenus",1,1,315,315,,315,315,Réinitialisé,Définitive,Simple,COLOR,TRUE,AP_1822,"H,I,J,K,L,M",6,Un chapitre par section,,Propre,,2 MI 100/1,2
Joinville-le-Pont,Seine,JOINVILLE,FRAD094_3P_000319_01,61,64,"688,12",3P319,1868,1868,Etats de sections des propriétés non bâties et bâties,57,57,64,64,,8,8,Réinitialisé,Définitive,Simple,COLOR,TRUE,AP_1822,C,1,Un chapitre par section,Section C extraite de St-Maurice le 2 mai 1868 et rattachée à Joinville-le-Pont,Propre,,2 MI 102/1,65
Joinville-le-Pont,Seine,JOINVILLE,FRAD094_3P_000319_01,62,64,"688,12",3P319,1842,1842,"Liste par ordre alphabétique des noms des propriétaires, présentant les numéros des parcelles qu'ils possèdent dans les différentes sections",1,1,17,17,,17,17,Rectifié,Définitive,Simple,COLOR,FALSE,RECTIFICATION_1835,,,,,Propre,,2 MI 102/1,2
Joinville-le-Pont,Seine,JOINVILLE,FRAD094_3P_000319_01,63,64,"688,12",3P319,1842,1842,"Relevé des numéros de même nature des Propriétés non bâties, pour parvenir à la récapitulation ci-après",44,44,56,56,,13,13,Rectifié,Définitive,Simple,COLOR,TRUE,RECTIFICATION_1835,"A,B",,,,Propre,,2 MI 102/1,51
Joinville-le-Pont,Seine,JOINVILLE,FRAD094_3P_000319_01,64,64,"688,12",3P319,1842,1842,"Tableau indicatif des propriétés foncières, de leur contenances et de leurs revenus",18,18,43,43,,26,26,Rectifié,Définitive,Simple,COLOR,TRUE,RECTIFICATION_1835,"A,B",2,Un chapitre par section,,Propre,,2 MI 102/1,20
L'Hay-les-Roses,Seine,LHAY,FRAD094_3P_000275_01,65,337,"5 603,94",3P275,1842,1842,"Liste par ordre alphabétique des noms des propriétaires, présentant les numéros des parcelles qu'ils possèdent dans les différentes sections",1,1,63,63,,63,63,Rectifié,Définitive,Simple,COLOR,FALSE,RECTIFICATION_1835,,,,,Propre,,2 MI 97/1,2
L'Hay-les-Roses,Seine,LHAY,FRAD094_3P_000275_01,66,337,"5 603,94",3P275,1842,1842,"Relevé des numéros de même nature des Propriétés non bâties, pour parvenir à la récapitulation ci-après",263,263,337,337,,75,75,Rectifié,Définitive,Simple,COLOR,TRUE,RECTIFICATION_1835,"A,B,C,D",,Un chapitre par section,,Propre,,2 MI 97/1,277
L'Hay-les-Roses,Seine,LHAY,FRAD094_3P_000275_01,67,337,"5 603,94",3P275,1842,1842,"Tableau indicatif des propriétés foncières, de leur contenances et de leurs revenus",64,64,262,262,,199,199,Rectifié,Définitive,Simple,COLOR,TRUE,RECTIFICATION_1835,"A,B,C,D",4,Un chapitre par section,,Propre,,2 MI 97/1,68
La Queue-en-Brie,Seine-et-Oise,LAQUEUE,,68,,,3P499,1811,1811,Tableau indicatif des propriétaires des propriétés foncières et de leurs contenances,,,,,,1,2,Initial,Provisoire,,COLOR,FALSE,AV_1822_NB,"B,C,D,E",4,,La section A a été extraite de la commune de La Queue en Brie pour former la commune du Plessis Trévise en 1899.,"Correct, Scans par doubles pages",,2 MI 122/1,2
La Queue-en-Brie,Seine-et-Oise,LAQUEUE,,69,,,3P499,1811,1811,Tableau indicatif des propriétaires et des propriétés bâties,,,,,,1,2,Initial,Provisoire,,COLOR,FALSE,AV_1822_B,"A,B,C,D,E",1,Toutes les sections dans le même chapitre,,"Correct, Scans par doubles pages",,2 MI 122/1,78
Le Perreux-sur-Marne,Seine,LEPERREUX,3P_000464,70,278,"487,88",3P464,1887,1887,Etat de section des propriétés bâties et non bâties,2,2,277,277,1,276,276,Réinitialisé,Définitive,Simple,COLOR,TRUE,AP_1822,"A,B,C,D,F,G",6,"Un chapitre par section, plus de récapitulatif",,Correct.,,2 MI 119/1,2
Le Plessis-Trévise,Seine-et-Oise,LEPLESSIS,3P_000491,71,119,"255,79",3P491,1899,1899,Etats de sections des propriétés non bâties et bâties,2,2,62,62,1,61,61,Réinitialisé,Définitive,Simple,COLOR,TRUE,AP_1822,A,1,Un chapitre par section,,Correct (changement dans les en-têtes de pré-imprimés),,2 MI 121/1,2
Le Plessis-Trévise,Seine-et-Oise,LEPLESSIS,3P_000491,72,119,"255,79",3P491,1811,1811,Tableau indicatif des propriétaires des propriétés foncières et de leurs contenances,63,63,119,119,,57,57,Initial,Provisoire,Simple,COLOR,TRUE,AV_1822_NB,"A,C",2,Un chapitre par section,,"""Bordélique""",,2 MI 121/1,63
Limeil-Brévannes,Seine-et-Oise,LIMEIL,FRAD094_3P_000342_01,73,291,"2 438,55",3P342,1860,1860,Tableau de concordance entre les états de sections et le lotissement actuel du bois de Brévannes,1,1,16,16,,16,16,Autre_doc,?,Simple,COLOR,FALSE,AUTRE,,,,Intégralement manuscrit,"Correct, Scans par doubles pages",,2 MI 104/1,2
Limeil-Brévannes,Seine-et-Oise,LIMEIL,FRAD094_3P_000342_01,74,291,"2 438,55",3P342,1811,1811,Tableau indicatif des propriétaires des propriétés foncières et de leurs contenances,17,17,279,279,,263,263,Initial,Définitive,Simple,COLOR,TRUE,AV_1822_NB,"A,B,C,D",4,Un chapitre par section,Scan par doubles pages,"Correct, Scans par doubles pages",,2 MI 104/1,11
Limeil-Brévannes,Seine-et-Oise,LIMEIL,FRAD094_3P_000342_01,75,291,"2 438,55",3P342,1811,1811,Tableau indicatif des propriétaires et des propriétés bâties,280,280,291,291,,12,12,Initial,Définitive,Simple,COLOR,FALSE,AV_1822_B,"A,D",1,Toutes les sections dans le même chapitre,,"Correct, Scans par doubles pages",,2 MI 104/1,145
Maisons-Alfort,Seine,MAISONSALFORT,FRAD094_3P_000352_01,76,151,"1 772,54",3P352,1903,1903,Etat de section des propriétés bâties et non bâties,90,90,94,94,,5,5,Réinitialisé,Définitive,Simple,COLOR,TRUE,AP_1822,D,1,Un chapitre par section,Tiré de la section E de Créteil en 1903.,Propre,,2 MI 105/1,99
Maisons-Alfort,Seine,MAISONSALFORT,FRAD094_3P_000352_01,77,151,"1 772,54",3P352,1841,1841,"Liste par ordre alphabétique des noms des propriétaires, présentant les numéros des parcelles qu'ils possèdent dans les différentes sections",1,1,29,29,,29,29,Rectifié,Définitive,Simple,COLOR,FALSE,RECTIFICATION_1835,,,,,"Correct, un peu tâché mais lisible",,2 MI 105/1,2
Maisons-Alfort,Seine,MAISONSALFORT,FRAD094_3P_000352_01,78,151,"1 772,54",3P352,1841,1841,"Relevé des numéros de même nature des Propriétés non bâties, pour parvenir à la récapitulation ci-après",95,95,151,151,,57,57,Rectifié,Définitive,Simple,COLOR,TRUE,RECTIFICATION_1835,"A,B,C",,Un chapitre par section,,Propre,,2 MI 105/1,105
Maisons-Alfort,Seine,MAISONSALFORT,FRAD094_3P_000352_01,79,151,"1 772,54",3P352,1841,1841,"Tableau indicatif des propriétés foncières, de leur contenances et de leurs revenus",30,30,89,89,,60,60,Rectifié,Définitive,Simple,COLOR,TRUE,RECTIFICATION_1835,"A,B,C",3,Un chapitre par section,,Propre,,2 MI 105/1,32
Mandres-les-Roses,Seine-et-Oise,MANDRES,FRAD094_3P_000379_01,80,336,"2 693,88",3P379,1810,1810,Tableau indicatif des propriétaires des propriétés foncières et de leurs contenances,1,1,313,313,,313,313,Initial,Définitive,Simple,COLOR,TRUE,AV_1822_NB,"A,B,C,D",4,Un chapitre par section,,Scans par doubles pages,,2 MI 106/1,2
Mandres-les-Roses,Seine-et-Oise,MANDRES,FRAD094_3P_000379_01,81,336,"2 693,88",3P379,1810,1810,Tableau indicatif des propriétaires et des propriétés bâties,314,314,336,336,,23,23,Initial,Définitive,Simple,COLOR,FALSE,AV_1822_B,"C,D",1,Toutes les sections dans le même chapitre,,Scans par doubles pages,,2 MI 106/1,166
Marolles-en-Brie,Seine-et-Oise,MAROLLES,FRAD094_3P_000387_01,82,127,"1 314,01",3P387,1810,1810,Tableau indicatif des propriétaires des propriétés foncières et de leurs contenances,1,1,111,111,,111,111,Initial,Provisoire,Simple,COLOR,TRUE,AV_1822_NB,"A,B,C,D",4,Un chapitre par section,,Correct,,2 MI 107/1,1
Marolles-en-Brie,Seine-et-Oise,MAROLLES,FRAD094_3P_000387_01,83,127,"1 314,01",3P387,1810,1810,Tableau indicatif des propriétaires et des propriétés bâties,112,112,127,127,,16,16,Initial,Provisoire,Simple,COLOR,FALSE,AV_1822_B,"B,C,D",1,Toutes les sections dans le même chapitre,,Correct,,2 MI 107/1,63
Nogent-sur-Marne,Seine,NOGENT,FRAD094_3P_000393_02,84,567,"9 734,27",3P393_2,1839,1839,Etat de section de révision,1,1,567,567,,567,567,Rectifié,Définitive,Simple,COLOR,FALSE,RECTIFICATION_1835,"A,B,C",,,,Correct,,2 MI 110/1,2
Nogent-sur-Marne,Seine,NOGENT,FRAD094_3P_000394_01,85,1045,"16 551,67",3P394,1839,1839,"Liste par ordre alphabétique des noms des propriétaires, présentant les numéros des parcelles qu'ils possèdent dans les différentes sections",1,1,118,118,,118,118,Rectifié,Définitive,Simple,COLOR,FALSE,RECTIFICATION_1835,,,,,Correct. Nombreux collages de petites feuilles supplémentaires sur les pages = pages en doubles,,2 MI 111/1,2
Nogent-sur-Marne,Seine,NOGENT,FRAD094_3P_000394_01,86,1045,"16 551,67",3P394,1839,1839,"Relevé des numéros de même nature des Propriétés non bâties, pour parvenir à la récapitulation ci-après",774,774,1045,1045,,272,272,Rectifié,Définitive,Simple,COLOR,TRUE,RECTIFICATION_1835,"A,B,C,D,E,F",,Un chapitre par section,,Correct,,2 MI 112/1,411
Nogent-sur-Marne,Seine,NOGENT,FRAD094_3P_000393_01,87,876,"9 972,91",3P393_1,1812,1812,Tableau indicatif des propriétaires des propriétés foncières et de leurs contenances,1,1,446,446,,446,446,Initial,Définitive,Simple,COLOR,TRUE,AV_1822_NB,"A,B",2,Un chapitre par section,,"Correct au début, déchirures sur les bords de pages, imprimés en partie effacé. Propre.",,2 MI 108/1,2
Nogent-sur-Marne,Seine,NOGENT,FRAD094_3P_000393_01,88,876,"9 972,91",3P393_1,1812,1812,Tableau indicatif des propriétaires des propriétés foncières et de leurs contenances,447,447,876,876,,430,430,Initial,Définitive,Simple,COLOR,TRUE,AV_1822_NB,"C,D",2,Un chapitre par section,,Propre,,2 MI 109/1,451
Nogent-sur-Marne,Seine,NOGENT,FRAD094_3P_000394_01,89,1045,"16 551,67",3P394,1839,1839,"Tableau indicatif des propriétés foncières, de leur contenances et de leurs revenus",119,119,475,475,,357,357,Rectifié,Définitive,Simple,COLOR,TRUE,RECTIFICATION_1835,"A,B,C,D",4,Un chapitre par section,Plusieurs pages de parcelles cédées au Perreux en 1887,Correct,,2 MI 111/1,77
Nogent-sur-Marne,Seine,NOGENT,FRAD094_3P_000394_01,90,1045,"16 551,67",3P394,1839,1839,"Tableau indicatif des propriétés foncières, de leur contenances et de leurs revenus",476,476,773,773,,298,298,Rectifié,Définitive,Simple,COLOR,TRUE,RECTIFICATION_1835,"E,F",2,Un chapitre par section,,Correct,,2 MI 112/1,2
Noiseau,Seine-et-Oise,NOISEAU,3P_000419,91,91,"191,19",3P419,1810,1810,Tableau indicatif des propriétaires des propriétés foncières et de leurs contenances,2,2,86,87-1,1,85,170,Initial,Définitive,Double,GREY,TRUE,AV_1822_NB,"A,B,C,D",4,Un chapitre par section,,Propre,,2 MI 114/1,2
Noiseau,Seine-et-Oise,NOISEAU,3P_000419,92,91,"191,19",3P419,1810,1810,Tableau indicatif des propriétaires et des propriétés bâties,88,87-2,91,91,,4,8,Initial,Définitive,Double,GREY,FALSE,AV_1822_B,"A,B,C",1,Toutes les sections dans le même chapitre,,Propre,,2 MI 114/1,87
Orly,Seine-et-Oise,ORLY,3P_000428,93,248,"348,51",3P428,1840,1840,Etat de section de révision,2,2,219,219,1,218,218,Rectifié,Définitive,Simple,GREY,FALSE,RECTIFICATION_1835,,,,,Correct,,2 MI 115/2,2
Orly,Seine-et-Oise,ORLY,3P_000428,94,248,"348,51",3P428,1840,1840,"Liste par ordre alphabétique des noms des propriétaires, présentant les numéros des parcelles qu'ils possèdent dans les différentes sections",220,220,248,248,,29,29,Rectifié,Provisoire,Simple,GREY,FALSE,RECTIFICATION_1835,,,,,Moyen. Pages déchirées,,2 MI 115/2,220
Orly,Seine-et-Oise,ORLY,3P_000429,95,380,"532,89",3P429,1841,1841,"Liste par ordre alphabétique des noms des propriétaires, présentant les numéros des parcelles qu'ils possèdent dans les différentes sections",2,2,50,50,1,49,49,Rectifié,Définitive,Simple,GREY,FALSE,RECTIFICATION_1835,,,,,Propre,,2 MI 116/1,2
Orly,Seine-et-Oise,ORLY,3P_000429,96,380,"532,89",3P429,1841,1841,"Relevé des numéros de même nature des Propriétés non bâties, pour parvenir à la récapitulation ci-après",282,282,380,380,,99,99,Rectifié,Définitive,Simple,GREY,TRUE,RECTIFICATION_1835,"A,B,C",,Un chapitre par section,,Propre,,2 MI 116/1,282
Orly,Seine-et-Oise,ORLY,3P_000427,97,173,"231,45",3P427,1810,1810,Tableau indicatif des propriétaires des propriétés foncières et de leurs contenances,2,2,173,173,1,172,344,Initial,Définitive,Double,GREY,TRUE,AV_1822_NB,"A,B,C",3,Un chapitre par section,,Propre,,2 MI 115/1,2
Orly,Seine-et-Oise,ORLY,3P_000429,98,380,"532,89",3P429,1841,1841,"Tableau indicatif des propriétés foncières, de leur contenances et de leurs revenus",51,51,281,281,,231,231,Rectifié,Définitive,Simple,GREY,TRUE,RECTIFICATION_1835,"A,B,C",3,Un chapitre par section,,Propre,,2 MI 116/1,51
Ormesson-sur-Marne,Seine-et-Oise,ORMESSON,3P_000441,99,127,"286,89",3P441,1810,1810,Tableau indicatif des propriétaires des propriétés foncières et de leurs contenances,2,2,120,121-1,1,119,238,Initial,Définitive,Double,GREY,TRUE,AV_1822_NB,"A,B,C,D,E",5,Un chapitre par section,,Correct,,2 MI 117/1,2
Ormesson-sur-Marne,Seine-et-Oise,ORMESSON,3P_000441,100,127,"286,89",3P441,1810,1810,Tableau indicatif des propriétaires et des propriétés bâties,122,121-2,127,127,,6,12,Initial,Définitive,Double,GREY,FALSE,AV_1822_B,"C,D,E",1,Toutes les sections dans le même chapitre,,Correct,,2 MI 117/1,121
Périgny-sur-Yerres,Seine-et-Oise,PERIGNY,3P_000457,101,141,"317,66",3P457,1810,1810,Tableau indicatif des propriétaires des propriétés foncières et de leurs contenances,2,2,132,133-1,1,131,262,Initial,Définitive,Double,GREY,TRUE,AV_1822_NB,"A,B,C",3,Un chapitre par section,,Correct,,2 MI 118/1,2
Périgny-sur-Yerres,Seine-et-Oise,PERIGNY,3P_000457,102,141,"317,66",3P457,1810,1810,Tableau indicatif des propriétaires et des propriétés bâties,134,133-2,141,141,,8,16,Initial,Définitive,Double,GREY,FALSE,AV_1822_B,"B,C",1,Toutes les sections dans le même chapitre,,Correct,,2 MI 118/1,133
Rungis,Seine,RUNGIS,3P_000506,103,57,"135,00",3P506,1841,1841,Etat de section de révision,2,2,57,57,1,56,56,Rectifié,Définitive,Simple,GREY,FALSE,RECTIFICATION_1835,"A,B?",,Un chapitre par section,,"Très moyen. Pages déchirées, tâches.",,2 MI 123/2,2
Rungis,Seine,RUNGIS,3P_000507,104,99,"211,56",3P507,1842,1842,"Liste par ordre alphabétique des noms des propriétaires, présentant les numéros des parcelles qu'ils possèdent dans les différentes sections",2,2,16,16,1,15,15,Rectifié,Définitive,Simple,GREY,FALSE,RECTIFICATION_1835,,,,,Propre,,2 MI 123/3,2
Rungis,Seine,RUNGIS,3P_000507,105,99,"211,56",3P507,1842,1842,"Relevé des numéros de même nature des Propriétés non bâties, pour parvenir à la récapitulation ci-après",71,71,98,98,,28,28,Rectifié,Définitive,Simple,GREY,TRUE,RECTIFICATION_1835,"A,B",,Un chapitre par section,,Propre,,2 MI 123/3,71
Rungis,Seine,RUNGIS,3P_000505,106,44,"101,54",3P505,1811,1811,Tableau indicatif des propriétaires des propriétés foncières et de leurs contenances,2,2,43,43,1,42,84,Initial,Définitive,Double,GREY,TRUE,AV_1822_NB,"A,B",2,Un chapitre par section,,"Moyen. Pages déchirées, tâches.",,2 MI 123/1,2
Rungis,Seine,RUNGIS,3P_000507,107,99,"211,56",3P507,1842,1842,"Tableau indicatif des propriétés foncières, de leur contenances et de leurs revenus",17,17,70,70,,54,54,Rectifié,Définitive,Simple,GREY,TRUE,RECTIFICATION_1835,"A,B",2,Un chapitre par section,,Propre,,2 MI 123/3,17
Saint-Mandé,Seine,SAINTMANDE,3P_000513,108,268,"410,16",3P513,1837,1837,"Liste par ordre alphabétique des noms des propriétaires, présentant les numéros des parcelles qu'ils possèdent dans les différentes sections",2,2,54,54,1,53,53,Rectifié,Définitive,Simple,GREY,FALSE,RECTIFICATION_1835,,,,,Propre,,2 MI 124/1,2
Saint-Mandé,Seine,SAINTMANDE,3P_000513,109,268,"410,16",3P513,1837,1837,"Relevé des numéros de même nature des Propriétés non bâties, pour parvenir à la récapitulation ci-après",201,201,268,268,,68,68,Rectifié,Définitive,Simple,GREY,FALSE,RECTIFICATION_1835,"A,B,C,D",,Un chapitre par section,,Propre,,2 MI 124/1,201
Saint-Mandé,Seine,SAINTMANDE,3P_000514,110,185,"261,47",3P514,1849,1849,"Relevé des numéros de même nature des Propriétés non bâties, pour parvenir à la récapitulation ci-après",108,108,185,185,,78,78,Réinitialisé,Définitive,Simple,GREY,TRUE,AP_1822,"A,B,C,D,E,F,toutes",,,,Propre,,2 MI 124/2,108
Saint-Mandé,Seine,SAINTMANDE,3P_000513,111,268,"410,16",3P513,1837,1837,"Tableau indicatif des propriétés foncières, de leur contenances et de leurs revenus",55,55,200,200,,146,146,Rectifié,Définitive,Simple,GREY,TRUE,RECTIFICATION_1835,"A,B,C,D",4,Un chapitre par section,,Propre,,2 MI 124/1,55
Saint-Mandé,Seine,SAINTMANDE,3P_000514,112,185,"261,47",3P514,1849,1849,"Tableau indicatif des propriétés foncières, de leur contenances et de leurs revenus",2,2,107,107,1,106,106,Réinitialisé,Définitive,Simple,GREY,TRUE,AP_1822,"C (ancien D), D (ancien E), E, F (ancien C)",4,Un chapitre par section,La section D devient la section C ? La section . Nombreuses parcelles passent à la ville de Paris en 1929,Propre,,2 MI 124/2,2
Saint-Maur-des-Fossés,Seine,SAINTMAUR,3P_000530,113,152,"246,85",3P530,1841,1841,"Liste par ordre alphabétique des noms des propriétaires, présentant les numéros des parcelles qu'ils possèdent dans les différentes sections",2,2,42,42,1,41,41,Rectifié,Définitive,Simple,GREY,FALSE,RECTIFICATION_1835,,,,,Propre,,2 MI 126/1,2
Saint-Maur-des-Fossés,Seine,SAINTMAUR,3P_000530,114,152,"246,85",3P530,1841,1841,"Relevé des numéros de même nature des Propriétés non bâties, pour parvenir à la récapitulation ci-après",109,109,152,152,,44,44,Rectifié,Définitive,Simple,GREY,TRUE,RECTIFICATION_1835,"A,B",,Un chapitre par section,,Propre,,2 MI 126/1,109
Saint-Maur-des-Fossés,Seine,SAINTMAUR,3P_000530,115,152,"246,85",3P530,1841,1841,"Tableau indicatif des propriétés foncières, de leur contenances et de leurs revenus",43,43,108,108,,66,66,Rectifié,Définitive,Simple,GREY,TRUE,RECTIFICATION_1835,"A,B",2,Un chapitre par section,,Propre,,2 MI 126/1,43
Saint-Maurice,Seine,SAINTMAURICE,3P_000593,116,120,"272,79",3P593,1840,1840,"Liste par ordre alphabétique des noms des propriétaires, présentant les numéros des parcelles qu'ils possèdent dans les différentes sections",50,50,93,93,,44,44,Rectifié,Définitive,Simple,GREY,FALSE,RECTIFICATION_1835,,,,,Propre,,2 MI 129/1,50
Saint-Maurice,Seine,SAINTMAURICE,3P_000593,117,120,"272,79",3P593,1840,1840,"Relevé des numéros de même nature des Propriétés non bâties, pour parvenir à la récapitulation ci-après",94,94,120,120,,27,27,Rectifié,Définitive,Simple,GREY,TRUE,RECTIFICATION_1835,,,,Pré-imprimé ?,Propre,,2 MI 129/1,93
Saint-Maurice,Seine,SAINTMAURICE,3P_000593,118,120,"272,79",3P593,1840,1840,"Tableau indicatif des propriétés foncières, de leur contenances et de leurs revenus",2,2,49,49,1,48,48,Rectifié,Définitive,Simple,GREY,TRUE,RECTIFICATION_1835,A,1,Un chapitre par section,,Propre,,2 MI 129/1,2
Santeny,Seine-et-Oise,SANTENY,3P_000602,119,162,"361,43",3P602,1810,1810,Tableau indicatif des propriétaires des propriétés foncières et de leurs contenances,2,2,153,154-1,1,152,304,Initial,Définitive,Double,GREY,TRUE,AV_1822_NB,"A,B,C,D",4,Un chapitre par section,,Correct,,2 MI 130/1,2
Santeny,Seine-et-Oise,SANTENY,3P_000602,120,162,"361,43",3P602,1810,1810,Tableau indicatif des propriétaires et des propriétés bâties,155,154-2,162,162,,8,16,Initial,Définitive,Double,GREY,FALSE,AV_1822_B,"B,C,D",1,Toutes les sections dans le même chapitre,,Correct,,2 MI 130/1,155
Sucy-en-Brie,Seine-et-Oise,SUCY,3P_000609,121,338,"347,00",3P609,1810,1810,Tableau indicatif des propriétaires des propriétés foncières et de leurs contenances,2,2,327,328-1,1,326,652,Initial,Définitive,Double,GREY,TRUE,AV_1822_NB,"A,B,C,D,E,F,G,H",8,Un chapitre par section,,Correct,,2 MI 131/1,2
Sucy-en-Brie,Seine-et-Oise,SUCY,3P_000609,122,338,"347,00",3P609,1810,1810,Tableau indicatif des propriétaires et des propriétés bâties,329,328-2,338,338,,10,20,Initial,Définitive,Double,GREY,FALSE,AV_1822_B,"A,B,C,F,H",1,Toutes les sections dans le même chapitre,,Correct,,2 MI 131/1,328
Thiais,Seine,THIAIS,3P_000626,123,451,"501,68",3P626,1842,1842,"Liste par ordre alphabétique des noms des propriétaires, présentant les numéros des parcelles qu'ils possèdent dans les différentes sections",2,2,90,90,1,89,89,Rectifié,Définitive,Simple,GREY,FALSE,RECTIFICATION_1835,,,,Manque la couverture,Correct,,2 MI 132/1,2
Thiais,Seine,THIAIS,3P_000626,124,451,"501,68",3P626,1842,1842,"Relevé des numéros de même nature des Propriétés non bâties, pour parvenir à la récapitulation ci-après",339,339,450,450,,112,112,Rectifié,Définitive,Simple,GREY,TRUE,RECTIFICATION_1835,"A,B,C,D",,Un chapitre par section,,Correct,,2 MI 132/1,339
Thiais,Seine,THIAIS,3P_000626,125,451,"501,68",3P626,1842,1842,"Tableau indicatif des propriétés foncières, de leur contenances et de leurs revenus",91,91,338,338,,248,248,Rectifié,Définitive,Simple,GREY,TRUE,RECTIFICATION_1835,"A,B,C,D",4,Un chapitre par section,,Correct,,2 MI 132/1,91
Valenton,Seine-et-Oise,VALENTON,3P_000636,126,131,"295,31",3P636,1810,1810,Tableau indicatif des propriétaires des propriétés foncières et de leurs contenances,2,2,121,121,1,120,240,Initial,Définitive,Double,GREY,TRUE,AV_1822_NB,"A,B,C",3,Un chapitre par section,,Correct,,2 MI 133/1,2
Valenton,Seine-et-Oise,VALENTON,3P_000636,127,131,"295,31",3P636,1810,1810,Tableau indicatif des propriétaires et des propriétés bâties,122,122,130,130,,9,18,Initial,Définitive,Double,GREY,FALSE,AV_1822_B,"A,B,C",1,Toutes les sections dans le même chapitre,,Correct,,2 MI 133/1,122
Villecresnes,Seine-et-Oise,VILLECRESNES,3P_000646,128,275,"460,36",3P646,1810,1810,Tableau indicatif des propriétaires des propriétés foncières et de leurs contenances,2,2,261,261,1,260,520,Initial,Définitive,Double,GREY,TRUE,AV_1822_NB,"A,B,C,D,E,F,G,H",8,Un chapitre par section,,Correct,,2 MI 134/1,2
Villecresnes,Seine-et-Oise,VILLECRESNES,3P_000646,129,275,"460,36",3P646,1810,1810,Tableau indicatif des propriétaires et des propriétés bâties,262,262,274,274,,13,26,Initial,Définitive,Double,GREY,FALSE,AV_1822_B,"A,B,C,E,F,H",1,Toutes les sections dans le même chapitre,,Correct,,2 MI 134/1,262
Villejuif,Seine,VILLEJUIF,3P_000656,130,672,"981,15",3P656,1839,1839,"Liste par ordre alphabétique des noms des propriétaires, présentant les numéros des parcelles qu'ils possèdent dans les différentes sections",2,2,84,84,1,83,83,Rectifié,Définitive,Simple,GREY,FALSE,RECTIFICATION_1835,,,,,Correct,,2 MI 135/1,2
Villejuif,Seine,VILLEJUIF,3P_000656,131,672,"981,15",3P656,1839,1839,"Relevé des numéros de même nature des Propriétés non bâties, pour parvenir à la récapitulation ci-après",500,500,671,671,,172,172,Rectifié,Définitive,Simple,GREY,TRUE,RECTIFICATION_1835,"A,B,C,D,E,F",,Un chapitre par section,Certaines pages sont très courbées.,Propre,,2 MI 136/1,500
Villejuif,Seine,VILLEJUIF,3P_000656,132,672,"981,15",3P656,1839,1839,"Tableau indicatif des propriétés foncières, de leur contenances et de leurs revenus",85,85,418,418,419,334,334,Rectifié,Définitive,Simple,GREY,TRUE,RECTIFICATION_1835,"A,B,C,D,E",5,Un chapitre par section,,Propre,,2 MI 135/1,85
Villejuif,Seine,VILLEJUIF,3P_000656,133,672,"981,15",3P656,1839,1839,"Tableau indicatif des propriétés foncières, de leur contenances et de leurs revenus",420,420,499,499,,80,80,Rectifié,Définitive,Simple,GREY,TRUE,RECTIFICATION_1835,F,1,Un chapitre par section,,Propre,,2 MI 136/1,420
Villeneuve-le-Roi,Seine-et-Oise,VILLENEUVELEROI,3P_000676,134,223,"319,49",3P676,1810,1810,Tableau indicatif des propriétaires des propriétés foncières et de leurs contenances,2,2,214,215-1,1,213,426,Initial,Définitive,Double,GREY,TRUE,AV_1822_NB,"A,B,C,D,E,F,G",7,Un chapitre par section,,Correct,,2 MI 137/1,2
Villeneuve-le-Roi,Seine-et-Oise,VILLENEUVELEROI,3P_000676,135,223,"319,49",3P676,1810,1810,Tableau indicatif des propriétaires et des propriétés bâties,215,215-2,223,223,,9,18,Initial,Définitive,Double,GREY,FALSE,AV_1822_B,"C,D,F",1,Toutes les sections dans le même chapitre,,Correct,,2 MI 137/1,215
Villeneuve-Saint-Georges,Seine-et-Oise,VILLENEUVESTG,3P_000700,136,317,"344,26",3P700,1810,1810,Tableau indicatif des propriétaires des propriétés foncières et de leurs contenances,2,2,303,304-1,1,302,604,Initial,Définitive,Double,GREY,TRUE,AV_1822_NB,"A,B,C,D,E,F",6,Un chapitre par section,,Correct,,2 MI 138/1,2
Villeneuve-Saint-Georges,Seine-et-Oise,VILLENEUVESTG,3P_000700,137,317,"344,26",3P700,1810,1810,Tableau indicatif des propriétaires et des propriétés bâties,304,304-2,317,317,,14,28,Initial,Définitive,Double,GREY,FALSE,AV_1822_B,"D,E,F",1,Toutes les sections dans le même chapitre,,Correct,,2 MI 138/1,304
Villiers-sur-Marne,Seine-et-Oise,VILLIERS,3P_000724,138,880,"980,00",3P724,1926,1926,Etats de sections indéfinis,2,2,880,880,1,879,879,Autre_ets,?,Simple,GREY,FALSE,AUTRE,"A,B,C,D,E",5,Un chapitre par section,Section A incomplète. Pas de noms des propriétaires.,,,2 MI 141/1,
Villiers-sur-Marne,Seine-et-Oise,VILLIERS,3P_000725,139,210,"207,00",3P725,1926,1926,Etats de sections indéfinis,2,2,210,210,1,209,209,Autre_ets,?,Simple,GREY,FALSE,AUTRE,"A,B,C,D,E",5,"A,B,C,D,E",Pas de noms des propriétaires.,,,2 MI 141/2,
Villiers-sur-Marne,Seine-et-Oise,VILLIERS,3P_000723,140,660,"806,34",3P723,1913,1913,Liste alphabétique des propriétaires,2,2,165,165,1,164,164,Autre_ets,Définitive,Simple,GREY,FALSE,AUTRE,,,,Renouvellement du cadastre selon la loi de 1898,Correct/Propre selon les pages,,2 MI 139/2,2
Villiers-sur-Marne,Seine-et-Oise,VILLIERS,3P_000722,141,268,"385,86",3P722,1810,1810,Tableau indicatif des propriétaires des propriétés foncières et de leurs contenances,2,2,254,255-1,1,253,506,Initial,Définitive,Double,GREY,TRUE,AV_1822_NB,"A,B,D,E",4,Un chapitre par section,,Correct,,2 MI 139/1,2
Villiers-sur-Marne,Seine-et-Oise,VILLIERS,3P_000722,142,268,"385,86",3P722,1810,1810,Tableau indicatif des propriétaires et des propriétés bâties,256,255-2,268,268,,13,26,Initial,Définitive,Double,GREY,FALSE,AV_1822_B,"C,D,E",1,Toutes les sections dans le même chapitre,,Correct,,2 MI 139/1,255
Villiers-sur-Marne,Seine-et-Oise,VILLIERS,3P_000723,143,660,"806,34",3P723,1913,1913,Tableau indicatif des propriétés foncières,167,167,438,438,166,272,272,Autre_ets,Définitive,Simple,GREY,FALSE,AUTRE,"A,B,C,D",4,Un chapitre par section,Renouvellement du cadastre selon la loi de 1898,Moyen (beaucoup de texte rayé),,2 MI 140/2,167
Villiers-sur-Marne,Seine-et-Oise,VILLIERS,3P_000723,144,660,"806,34",3P723,1913,1913,Tableau indicatif des propriétés foncières,473,473,541,541,,69,69,Autre_ets,Définitive,Simple,GREY,FALSE,AUTRE,E,1,Un chapitre par section,Renouvellement du cadastre selon la loi de 1900,Propre,,2 MI 140/2,475
Villiers-sur-Marne,Seine-et-Oise,VILLIERS,3P_000723,145,660,"806,34",3P723,1913,1913,Tableau présentant par nature de culture et par classe la contenance et le revenu imposable des parcelles (propriétés non bâties).,439,439,472,472,,34,34,Autre_ets,Définitive,Simple,GREY,FALSE,AUTRE,E,,Un chapitre par section,Renouvellement du cadastre selon la loi de 1899,Propre,,2 MI 140/2,439
Villiers-sur-Marne,Seine-et-Oise,VILLIERS,3P_000723,146,660,"806,34",3P723,1913,1913,Tableau présentant par nature de culture et par classe la contenance et le revenu imposable des parcelles (propriétés non bâties).,542,542,660,660,,119,119,Autre_ets,Définitive,Simple,GREY,FALSE,AUTRE,"A,B,C,D",,Un chapitre par section,Renouvellement du cadastre selon la loi de 1900,Propre,,2 MI 140/2,542
Vincennes,Seine,VINCENNES,3P_000752,147,350,"344,36",3P752,1841,1841,Etat de section de révision [Modèle #2],2,2,238,238,1,237,474,Rectifié,Définitive,Double,GREY,FALSE,RECTIFICATION_1835,,,,,Propre,,2 MI 145/1,2
Vincennes,Seine,VINCENNES,3P_000753,148,239,"206,58",3P753,1841,1841,Etat de section de révision [Modèle #2],2,2,239,239,1,238,476,Rectifié,Définitive,Double,GREY,FALSE,RECTIFICATION_1835,"B,C",,,,Propre,,2 MI 145/2,2
Vincennes,Seine,VINCENNES,3P_000752,149,350,"344,36",3P752,1829,1829,Etat de section des propriétés bâties et non bâties,239,239,350,350,,112,112,Réécrit,Définitive,Simple,GREY,TRUE,AP_1822,"B,C",2,Un chapitre par section,Colonne supplémentaire de chiffres ajoutée dans la colonne des NOMS,Propre,,2 MI 145/1,239
Vincennes,Seine,VINCENNES,3P_000751,150,435,"723,58",3P751,1837,1837,"Liste par ordre alphabétique des noms des propriétaires, présentant les numéros des parcelles qu'ils possèdent dans les différentes sections",2,2,76,76,1,75,75,Rectifié,Définitive,Simple,GREY,FALSE,RECTIFICATION_1835,,,,,Propre,,2 MI 144/1,2
Vincennes,Seine,VINCENNES,3P_000751,151,435,"723,58",3P751,1837,1837,"Relevé des numéros de même nature des Propriétés non bâties, pour parvenir à la récapitulation ci-après",329,329,435,435,,107,107,Rectifié,Définitive,Simple,GREY,TRUE,RECTIFICATION_1835,"A,B,C,D",,Un chapitre par section,,Propre,,2 MI 144/1,329
Vincennes,Seine,VINCENNES,3P_000754,152,391,"591,26",3P754,1855,1855,Résumé général des sections,386,386,391,391,,6,6,Autre_doc,Définitive,Simple,GREY,FALSE,AUTRE,,,,,Propre,,2 MI 146/1,386
Vincennes,Seine,VINCENNES,3P_000751,153,435,"723,58",3P751,1837,1837,"Tableau indicatif des propriétés foncières, de leur contenances et de leurs revenus",77,77,328,328,,252,252,Rectifié,Définitive,Simple,GREY,TRUE,RECTIFICATION_1835,"A,B,C,D",4,Un chapitre par section,,Propre,,2 MI 144/1,77
Vincennes,Seine,VINCENNES,3P_000754,154,391,"591,26",3P754,1855,1855,"Tableau indicatif des propriétés foncières, de leur contenances et de leurs revenus #2",2,2,385,385,1,384,384,Réinitialisé,Définitive,Simple,GREY,TRUE,AP_1822,"A,B,C,D,E,F,G,H",8,Un chapitre par section,"Manque la couverture de la section A, récap à la fin de chaque section",Propre,,2 MI 146/1,2
Vitry-sur-Seine,Seine,VITRY,3P_000781,155,749,"1 367,98",3P781,1813,1813,Etat de classement des propriétés non bâties,2,2,417,417,1,416,416,Initial,Définitive,Simple,GREY,TRUE,AV_1822_NB,"A,B,C",3,Un chapitre par section,,Propre,,2 MI 148/1,2
Vitry-sur-Seine,Seine,VITRY,3P_000781,156,749,"1 367,98",3P781,1813,1813,Etat de classement des propriétés non bâties,419,419,749,749,418,331,331,Initial,Définitive,Simple,GREY,TRUE,AV_1822_NB,"D,E,F",3,Un chapitre par section,,Propre,,2 MI 149/1,419
Vitry-sur-Seine,Seine,VITRY,3P_000782,157,571,"985,91",3P782,1841,1841,"Liste par ordre alphabétique des noms des propriétaires, présentant les numéros des parcelles qu'ils possèdent dans les différentes sections",2,2,56,57-1,1,55,110,Rectifié,Définitive,Double,GREY,FALSE,RECTIFICATION_1835,,,,Pages déchirées en début de cahier,Propre,,2 MI 150/1,2
Vitry-sur-Seine,Seine,VITRY,3P_000782,158,571,"985,91",3P782,1841,1841,"Relevé des numéros de même nature des Propriétés non bâties, pour parvenir à la récapitulation ci-après",439,438-2,571,571,,133,266,Rectifié,Définitive,Double,GREY,TRUE,RECTIFICATION_1835,"A,B,C,D,E,F,G,H,I",,Un chapitre par section,,Propre,,2 MI 151/1,438
Vitry-sur-Seine,Seine,VITRY,3P_000782,159,571,"985,91",3P782,1841,1841,"Tableau indicatif des propriétés foncières, de leur contenances et de leurs revenus",220,220,437,438-1,,218,436,Rectifié,Définitive,Double,GREY,TRUE,RECTIFICATION_1835,"E,F,G,H,I",5,Un chapitre par section,,Propre,,2 MI 151/1,220
Vitry-sur-Seine,Seine,VITRY,3P_000782,160,571,"985,91",3P782,1841,1841,"Tableau indicatif des propriétés foncières, de leur contenances et de leurs revenus",58,57-2,218,218,219,161,322,Rectifié,Définitive,Double,GREY,TRUE,RECTIFICATION_1835,"A,B,C,D",4,Un chapitre par section,,Propre,,2 MI 150/1,57